<?xml version="1.0" encoding="UTF-8"?>
<beans xmlns="http://www.springframework.org/schema/beans" xmlns:xsi="http://www.w3.org/2001/XMLSchema-instance"
	xmlns:p="http://www.springframework.org/schema/p" xmlns:context="http://www.springframework.org/schema/context"
	xmlns:mvc="http://www.springframework.org/schema/mvc"
	xsi:schemaLocation="  
    http://www.springframework.org/schema/beans   
    http://www.springframework.org/schema/beans/spring-beans-3.1.xsd  
    http://www.springframework.org/schema/context  
    http://www.springframework.org/schema/context/spring-context-3.1.xsd  
    http://www.springframework.org/schema/mvc  
    http://www.springframework.org/schema/mvc/spring-mvc-3.1.xsd  
    ">
	<mvc:default-servlet-handler />
	<!-- 默认扫描的包路径 -->
	<context:component-scan base-package="person.jarvis.controller,person.jarvis.service.impl" />
	<!-- 添加注解驱动 -->
	<mvc:annotation-driven />
	<!-- 定义跳转的文件的前后缀 -->
	<bean id="viewResolver" class="org.springframework.web.servlet.view.InternalResourceViewResolver">
		<property name="prefix" value="/WEB-INF/jsp/" />
		<property name="suffix" value=".jsp" />
	</bean>

	<!-- 配置数据源工厂 -->
	<bean id="dsf" class="org.jfaster.mango.datasource.SimpleDataSourceFactory">
		<property name="dataSource">
			<bean class="person.jarvis.datasourcefix.FixedBasicDataSource">
				<property name="driverClassName" value="com.mysql.jdbc.Driver" />
				<property name="url" value="jdbc:mysql://localhost:3306/enroll?characterEncoding=utf-8&amp;useSSL=false" />
				<property name="username" value="root" />
				<property name="password" value="root" />
			</bean>
		</property>
	</bean>
	<!-- 配置mango对象 -->
	<bean id="mango" class="org.jfaster.mango.operator.Mango" factory-method="newInstance">
		<property name="dataSourceFactory" ref="dsf" />
	</bean>
	<!-- 配置扫描使用@DB注解修饰的DAO类 -->
	<bean class="org.jfaster.mango.plugin.spring.MangoDaoScanner">
		<property name="packages">
			<list>
				<!-- 扫描包名 -->
				<value>person.jarvis.dao</value>
				<!-- <value>其他需要扫描的包</value> -->
			</list>
		</property>
	</bean>

	<!-- 注册service -->
	<bean id="enrolleeService" class="person.jarvis.service.impl.EnrolleeServiceImpl" />
	<bean id="addressService" class="person.jarvis.service.impl.AddressServiceImpl" />

	<!-- 拦截器 <mvc:interceptors> <mvc:interceptor> <mvc:mapping path="/enrollee/add" /> <bean class="person.jarvis.interceptor.EnrolleeRegInterceptor"></bean> 
		</mvc:interceptor> </mvc:interceptors> -->
	<bean id="exceptionHandler" class="person.jarvis.exception.handler.ExceptionHandler"></bean>
</beans>