<?xml version="1.0" encoding="UTF-8" standalone="no"?>
<!DOCTYPE html PUBLIC "-//W3C//DTD XHTML 1.0 Strict//EN" "http://www.w3.org/2002/xmlspec/dtd/2.10/xmlspec.dtd">
<configuration status="OFF">
	<appenders>
		<Console name="Console" target="SYSTEM_OUT">
			<PatternLayout pattern="%d{HH:mm:ss z} [%t] %-5level %logger{36} - %msg%n" />
		</Console>
		<File name="log" fileName="log/test.log" append="true">
			<PatternLayout
				pattern="%d{HH:mm:ss.SSS} %-5level %class{36} %L %M - %msg%xEx%n" />
		</File>
		<!--这个会打印出所有的信息，每次大小超过size，则这size大小的日志会自动存入按年份-月份建立的文件夹下面并进行压缩，作为存档-->
        <RollingFile name="RollingFile" fileName="logs/present.log"
                     filePattern="log/$${date:yyyy-MM-dd}/%d{MM-dd-yyyy}-%i.log.gz">
            <PatternLayout pattern="%d{yyyy-MM-dd HH:mm:ss.SSS z} [%t] %-5level %logger{36} - %msg%n"/>
            <SizeBasedTriggeringPolicy size="5MB"/>
        </RollingFile>
	</appenders>
	<loggers>
		<root level="trace">
			<appender-ref ref="Console" />
			<appender-ref ref="RollingFile"/>
		</root>
	</loggers>
</configuration> 